epoch,avg_loss
0,0.6350586326563195
1,0.1143941095430557
